{"0": [5.990909090909091, 2.743181818181818, 4.45, 1.4522727272727272], "1": [5.031249999999999, 3.4375000000000013, 1.4781250000000001, 0.25000000000000006], "2": [6.949999999999999, 3.058333333333333, 5.916666666666668, 2.058333333333333]}