{"0": [81.71372549019608, 71.46274509803922, 51.219607843137254, 68.08235294117647, 79.29803921568627, 68.97254901960784], "1": [47.45217391304348, 13.208695652173914, 14.182608695652174, 22.4, 48.44347826086957, 14.165217391304347], "2": [50.94186046511628, 56.0, 71.45348837209302, 63.616279069767444, 50.83720930232558, 55.47674418604651], "3": [74.18888888888888, 54.333333333333336, 69.18333333333334, 55.916666666666664, 75.47777777777777, 53.522222222222226], "4": [74.58260869565217, 78.13913043478261, 73.66956521739131, 75.0, 75.20869565217392, 76.2], "5": [61.04132231404959, 31.75206611570248, 78.52066115702479, 42.79338842975206, 65.3801652892562, 33.33057851239669]}